{
    "!fun": {
        "body": [
            "/******************************************************************************",
            " * @brief        None",
            " *",
            " * @param[in]    None",
            " *",
            " * @return       None",
            "******************************************************************************/",
            "$0"
        ],
        "description": "fun brief"
    },
    "!c": {
        "prefix": "!c",
        "body": [
            "/*******************************************************************************",
            "* Copyleft (c) 2022 linyuzhou linyuzhou@lixiang.com",
            "*",
            "* Copyright description information omitted.",
            "*",
            "* @file    ${TM_FILENAME}",
            "* @author  linyuzhou",
            "* @version 0.1.0",
            "* @date    ${CURRENT_YEAR}-${CURRENT_MONTH}-${CURRENT_DATE}",
            "* @brief   Omit",
            "*          This file contains:",
            "*              - Omit",
            "*",
            "* -----------------------------------------------------------------------------",
            "* Change History:",
            "*   <Date>      |  <Version>  |  <Author>   |  <Description>",
            "*   ${CURRENT_YEAR}-${CURRENT_MONTH}-${CURRENT_DATE}  |  v0.1.0     |  linyuzhou  |  Create file",
            "* -----------------------------------------------------------------------------",
            "******************************************************************************/",
            "",
            "/*============================= INCLUDE FILES ===============================*/",
            "#include $0",
            "\n",
            "/*============================ GLOBAL VARIABLES =============================*/",
            "\n",
            "/*========================== FUNCTION PROTOTYPES ============================*/",
            "\n"
        ],
        "description": "default c temple"
    },
    "!h": {
        "prefix": "!h",
        "body": [
            "/*******************************************************************************",
            "* Copyleft (c) 2022 linyuzhou linyuzhou@lixiang.com",
            "*",
            "* Copyright description information omitted.",
            "*",
            "* @file    ${TM_FILENAME}",
            "* @author  linyuzhou",
            "* @version 0.1.0",
            "* @date    ${CURRENT_YEAR}-${CURRENT_MONTH}-${CURRENT_DATE}",
            "* @brief   Omit",
            "*          This file contains:",
            "*              - Omit",
            "*",
            "* -----------------------------------------------------------------------------",
            "* Change History:",
            "*   <Date>      |  <Version>  |  <Author>   |  <Description>",
            "*   ${CURRENT_YEAR}-${CURRENT_MONTH}-${CURRENT_DATE}  |  v0.1.0     |  linyuzhou  |  Create file",
            "* -----------------------------------------------------------------------------",
            "******************************************************************************/",
            "#ifndef __${TM_FILENAME_BASE}_H__",
            "#define __${TM_FILENAME_BASE}_H__",
            "",
            "#ifdef __cplusplus",
            "extern \"C\" {",
            "#endif",
            "",
            "/*============================= INCLUDE FILES ===============================*/",
            "#include $0",
            "\n",
            "/*========================= PERIPHERAL DECLARATION ==========================*/",
            "\n",
            "/*============================ TYPE DEFINITIONS =============================*/",
            "\n",
            "/*============================= ENUM DEFINES ================================*/",
            "\n",
            "/*============================= UNION DEFINES ===============================*/",
            "\n",
            "/*=========================== STRUCTURE DEFINES =============================*/",
            "\n",
            "/*============================ GLOBAL VARIABLES =============================*/",
            "\n",
            "/*============================= EXPORTED MACRO ==============================*/",
            "\n",
            "/*========================== FUNCTION PROTOTYPES ============================*/",
            "\n",
            "#ifdef __cplusplus",
            "}",
            "#endif",
            "",
            "#endif",
            ""
        ],
        "description": "default h temple"
    }
}